Full Name,,,,,,
Azharuddin Anjum Bilakhia,,,,,,
Ankeet Anil Chavan,,,,,,
Abhishek Arunkumar Jhunjhunwala,,,,,,
Abrar Anjum Kazi,,,,,,
Ashley Allan Noffke,,,,,,
Ammana Ashish Reddy,,,,,,
Ayush Badoni,,,,,,
Ajit Bhalchandra Agarkar,,,,,,
Adrian Boris Barath,,,,,,
Abraham Benjamin de Villiers,,,,,,
Ashok Bhimchandra Dinda,,,,,,
Abdul Samad Farooq,,,,,,
Abdur Razzak,,,,,,
Abhishek Sharma,,,,,,
Andrew Barry McDonald,,,,,,
Aiden Craig Blizzard,,,,,,
Adam Craig Gilchrist,,,,,,
Ajit  Chandila,,,,,,
Anjum Chopra,,,,,,
Aniket Vinod Choudhary,,,,,,
Alfonso Clive Thomas,,,,,,
Adam Charles Voges,,,,,,
Mahamarakkala Kurukulasooriya Patabendige Akila Dananjaya Perera,,,,,,
Alexander Daniel Hales,,,,,,
Adrian Dimitri Mascarenhas,,,,,,
Angelo Davis Mathews,,,,,,
Akshdeep Deependra Nath,,,,,,
Andre Dwayne Russell,,,,,,
Andrew Flintoff,,,,,,
Adam Fraser Milne,,,,,,
Amit Gajanan Paunikar,,,,,,
Aaron James Finch,,,,,,
Ashton James Turner,,,,,,
Andrew James Tye,,,,,,
Akash Deep,,,,,,
Akash Maharaj Singh,,,,,,
Aiden Kyle Markram,,,,,,
Anil Kumble,,,,,,
Ashok Lakshminarayan Menaria,,,,,,
Aman Hakim Khan,,,,,,
Abhinav Manohar,,,,,,
Amit Mishra,,,,,,
Abhimanyu Mithun,,,,,,
Abhishek Mohan Nayar,,,,,,
Ajinkya Madhukar Rahane,,,,,,
Aavishkar Madhav Salvi,,,,,,
Abhinav Mukund,,,,,,
Anand Rajan,,,,,,
Ashish Nehra,,,,,,
Andre Nel,,,,,,
Arindam Nanigopal Ghosh,,,,,,
Anirudh Singh,,,,,,
Ankit Nagendra Sharma,,,,,,
Ankit Soni,,,,,,
Anmolpreet Singh,,,,,,
Anrich Arno Nortje,,,,,,
Anuj Rawat,,,,,,
Kathuria Anureet Singh,,,,,,
Aditya Pradip Dole,,,,,,
Anustup Prabir Majumdar,,,,,,
Aditya Prakash Tare,,,,,,
Ankit Ramdas Bawne,,,,,,
Axar Rajeshbhai Patel,,,,,,
Arshdeep Singh,,,,,,
Alzarri Shaheim Joseph,,,,,,
Ankit Singh Rajpoot,,,,,,
Abhishek Santosh Raut,,,,,,
Anukul Sudhakar Roy,,,,,,
Andrew Symonds,,,,,,
Alex Tyson Carey,,,,,,
Abhijeet Tomar,,,,,,
Ambati Thirupathi Rayudu,,,,,,
Asad Ullah Khan Pathan,,,,,,
Amit Uniyal,,,,,,
Adil Usman Rashid,,,,,,
Avesh Khan,,,,,,
Adam Zampa,,,,,,
Azhar Mahmood Sagar,,,,,,
Bhargav Ashok Bhatt,,,,,,
Balachandra Akhil,,,,,,
Basil Thampi,,,,,,
Benjamin Andrew Stokes,,,,,,
Balapuwaduge Ajantha Winslow Mendis,,,,,,
Brendon Barrie McCullum,,,,,,
Biplab Bipin Samantray,,,,,,
Barinder Balbirsingh Sran,,,,,,
Bharat Chipli,,,,,,
Benjamin Colin James Cutting,,,,,,
Beuran Eric Hendricks,,,,,,
Brett Geeves,,,,,,
Baba Indrajith,,,,,,
Bipul Sharma,,,,,,
Bradley James Haddin,,,,,,
Bradley John Hodge,,,,,,
Ben James Rohrer,,,,,,
Bhuvneshwar Kumar Singh,,,,,,
Ben Laughlin,,,,,,
Brett Lee,,,,,,
Balapuwaduge Manukulasuriya Amith Jeevan Mendis,,,,,,
Ben Robert Dunk,,,,,,
Bhardwaj Sai Sudharsan,,,,,,
Billy James Stanlake,,,,,,
Bodapati Apparao Sumanth,,,,,,
Benjamin William Hilfenhaus,,,,,,
Colin Alexander Ingram,,,,,,
Christopher Austin Lynn,,,,,,
Cheteshwar Arvind Pujara,,,,,,
Colin de Grandhomme,,,,,,
Chandrasekar Ganapathy,,,,,,
Christopher Henry Gayle,,,,,,
Christopher Henry Morris,,,,,,
Corey James Anderson,,,,,,
Carl Junior Dala,,,,,,
Callum James Ferguson,,,,,,
Christopher James Green,,,,,,
Christopher James Jordan,,,,,,
Clinton James McKay,,,,,,
Chamara Kantha Kapugedera,,,,,,
Charl Kenneth Langeveldt,,,,,,
Cameron Leon White,,,,,,
Chandan Madan,,,,,,
Chidhambaram Muralidharen Gautam,,,,,,
Colin Munro,,,,,,
Chetanya Nanda,,,,,,
Carlos Ricardo Brathwaite,,,,,,
Congenige Randhi Dilhara Fernando,,,,,,
Christopher Roger Woakes,,,,,,
Chetan Sakariya,,,,,,
Varun Chakravarthy Vinod,,,,,,
Douglas Andrew John Bracewell,,,,,,
David Andrew Miller,,,,,,
David Andrew Warner,,,,,,
Debabrata Baidya Das,,,,,,
Dwaraka Bhamidipati Ravi Teja,,,,,,
Dewald Brevis,,,,,,
Dillon du Preez,,,,,,
Douglas Erwin Bollinger,,,,,,
Darshan Girish Nalkande,,,,,,
Dishant Harendra Yagnik,,,,,,
Dwayne John Bravo,,,,,,
Daren Julius Garvey Sammy,,,,,,
Daniel Joseph Harris,,,,,,
Deepak Jagbir Hooda,,,,,,
David John Hussey,,,,,,
David Johan Jacobs,,,,,,
Dawid Johannes Malan,,,,,,
Daryl Joseph Mitchell,,,,,,
D'Arcy John Matthew Short,,,,,,
Domnic Joseph Muthuswami,,,,,,
Dominic John Thornely,,,,,,
David Jonathan Willey,,,,,,
Doddapaneni Kalyankrishna,,,,,,
Deepak Lokandersingh Chahar,,,,,,
Daniel Luca Vettori,,,,,,
Darren Michael Bravo,,,,,,
Demuni Nuwan Tharanga Zoysa,,,,,,
Devdutt Padikkal,,,,,,
Devon Philip Conway,,,,,,
Denagamage Proboth Mahela de Silva Jayawardene,,,,,,
Dirk Peter Nannes,,,,,,
Dwaine Pretorius,,,,,,
David Paidikalva Vijaykumar,,,,,,
Damien Richard Martyn,,,,,,
Daniel Richard Sams,,,,,,
Dhruv Ranjan Shorey,,,,,,
Dwayne Romel Smith,,,,,,
Dinesh Salunkhe,,,,,,
Dhawal Sunil Kulkarni,,,,,,
Darren Scott Lehmann,,,,,,
Daniel Trevor Christian,,,,,,
David Wiese,,,,,,
Dale Willem Steyn,,,,,,
Eoin Joseph Gerard Morgan,,,,,,
Evin Lewis,,,,,,
Eklavya Rakesh Dwivedi,,,,,,
Fabian Anthony Allen,,,,,,
Fazalhaq Farooqi,,,,,,
Farhaan Behardien,,,,,,
Francois du Plessis,,,,,,
Fidel Henderson Edwards,,,,,,
Faiz Yakub Fazal,,,,,,
George Bradley Hogg,,,,,,
Graeme Craig Smith,,,,,,
GC Viljoen,,,,,,
Glenn Donald McGrath,,,,,,
Glenn Dominic Phillips,,,,,,
Gautam Gambhir,,,,,,
George Henry Simmons Garton,,,,,,
Gade Hanuma Vihari,,,,,,
George John Bailey,,,,,,
Glenn James Maxwell,,,,,,
Graham Richard Napier,,,,,,
Gurjit Singh Sandhu,,,,,,
Gurkeerat Rupinder Singh,,,,,,
Harbhajan Singh,,,,,,
Harmeet Singh,,,,,,
Harpreet Brar,,,,,,
Harpreet Singh Bhatia,,,,,,
Harshit Pradeep Rana,,,,,,
Halhadar Das,,,,,,
Hendrik Erasmus van der Dussen,,,,,,
Harry Frederick Gurney,,,,,,
Herschelle Herman Gibbs,,,,,,
Hardik Himanshu Pandya,,,,,,
Heinrich Klaasen,,,,,,
Hashim Mahomed Amla,,,,,,
Hrithik Rakesh Shokeen,,,,,,
Harshal Vikram Patel,,,,,,
Ishwar Chand Pandey,,,,,,
Ishan Chandranath Porel,,,,,,
Irfan Khan Pathan,,,,,,
Ishan Malhotra,,,,,,
Mohammad Imran Tahir,,,,,,
Sayed Iqbal Abdulla,,,,,,
Ishank Rajiv Jaggi,,,,,,
Ishan Pranav Kumar Pandey Kishan,,,,,,
Ishant Sharma,,,,,,
Inderbir Singh Sodhi,,,,,,
Isuru Udana Tillakaratna,,,,,,
Jalaj Sahai Saxena,,,,,,
Johannes Albertus Morkel,,,,,,
Jhye Avon Richardson,,,,,,
Jagadeesh Arunkumar,,,,,,
Jaskaran Singh Buttar,,,,,,
Johan Botha,,,,,,
Jofra Chioke Archer,,,,,,
Jacob David Philip Oram,,,,,,
Jesse Daniel Ryder,,,,,,
James Douglas Sheahan Neesham,,,,,,
Jaydev Dipakbhai Unadkat,,,,,,
James Edward Charles Franklin,,,,,,
Jerome Everton Taylor,,,,,,
Jacques Henry Kallis,,,,,,
Jasprit Jasbirsingh Bumrah,,,,,,
Jason Jonathan Roy,,,,,,
Johannes Jacobus van der Wath,,,,,,
Joseph Liam Denly,,,,,,
James Lee Pattinson,,,,,,
Jonathan Marc Bairstow,,,,,,
Justin Miles Kemp,,,,,,
Jitesh Mohan Sharma,,,,,,
Joginder Sharma,,,,,,
Jason Omar Holder,,,,,,
Jason Paul Behrendorff,,,,,,
Jean-Paul Duminy,,,,,,
James Peter Faulkner,,,,,,
Javon Philip Ramon Scantlebury-Searles,,,,,,
Josh Reginald Hazlewood,,,,,,
James Redfern Hopes,,,,,,
Joshua Ryan Philippe,,,,,,
Jagadeesha Suchith,,,,,,
Jamaluddin Syed Mohammad,,,,,,
Juan Theron,,,,,,
John Wayne Hastings,,,,,,
Jayant Yadav,,,,,,
Kyle Alex Jamieson,,,,,,
Kemar Andre Jamal Roach,,,,,,
Kamran Akmal,,,,,,
Kamran Khan,,,,,,
Kieron Adrian Pollard,,,,,,
Karanveer Singh,,,,,,
Kartik Tyagi,,,,,,
Konda Bhaskir Arun Karthik,,,,,,
Konganda Charamanna Cariappa,,,,,,
Kumar Chokshanada Sangakkara,,,,,,
Krishnakumar Dinesh Karthik,,,,,,
Karan Goel,,,,,,
Krishnappa Gowtham,,,,,,
Krunal Himanshu Pandya,,,,,,
Kyle John Abbott,,,,,,
Khaleel Khursheed Ahmed,,,,,,
Kumar Kartikeya Singh,,,,,,
Kevon Keston Cooper,,,,,,
Kulwant Khejroliya,,,,,,
Karun Nair,,,,,,
Kamlesh Lachham Nagarkoti,,,,,,
Kannaur Lokesh Rahul,,,,,,
Keemo Mandela Angus Paul,,,,,,
KM Asif,,,,,,
Kulasekara Mudiyanselage Dinesh Nuwan Kulasekara,,,,,,
Kedar Mahadav Jadhav,,,,,,
Kotarangada Prabhu Appanna,,,,,,
Kevin Peter Pietersen,,,,,,
Kagiso Rabada,,,,,,
Kuldeep Rampal Sen,,,,,,
Krishmar Santokie,,,,,,
Kona Srikar Bharat,,,,,,
Karan Sunny Sharma,,,,,,
Kane Stuart Williamson,,,,,,
Kuldeep Yadav,,,,,,
Krishnakant Upadhyay,,,,,,
Karn Vinod Sharma,,,,,,
Kane William Richardson,,,,,,
Kuldip Yadav,,,,,,
Love Ablish,,,,,,
Lee Andrew Carseldine,,,,,,
Lalit Yadav,,,,,,
Luke Anthony Pomersbach,,,,,,
Lakshmipathy Balaji,,,,,,
Liam Edward Plunkett,,,,,,
Lachlan Hammond Ferguson,,,,,,
Lukman Iqbal Meriwala,,,,,,
Luke James Wright,,,,,,
Lendl Mark Platter Simmons,,,,,,
Lungisani True-man Ngidi,,,,,,
Lindamlilage Prageeth Chamara Silva,,,,,,
Luke Ronchi,,,,,,
Luteru Ross Poutoa Lote Taylor,,,,,,
Laxmi Ratan Shukla,,,,,,
Liam Stephen Livingstone,,,,,,
Mayank Anurag Agarwal,,,,,,
Musavir Asmat Khote,,,,,,
Mandeep Singh,,,,,,
Mashrafe Bin Mortaza,,,,,,
Murugan Ashwin,,,,,,
Mitchell Aaron Starc,,,,,,
Mark Andrew Wood,,,,,,
Mohnish Bipinbhai Parmar,,,,,,
Moises Constantino Henriques,,,,,,
Manprit Charanjit Juneja,,,,,,
Marchant de Lange,,,,,,
Mathurage Don Kusal Janith Perera,,,,,,
Mohnish Dinesh Mishra,,,,,,
Michael Edward Killeen Hussey,,,,,,
Mohamed Farveez Maharoof,,,,,,
Mitchell Guy Johnson,,,,,,
Michael Gertges Neser,,,,,,
Misbah-ul-Haq Khan Niazi,,,,,,
Marco Jansen,,,,,,
Michael John Clarke,,,,,,
Martin James Guptill,,,,,,
Matthew James Henry,,,,,,
Michael John Lumb,,,,,,
Mitchell John McClenaghan,,,,,,
Mitchell Josef Santner,,,,,,
Mohammad Kaif,,,,,,
Murali Kartik,,,,,,
Michael Klinger,,,,,,
Mahipal Krishan Lomror,,,,,,
Manish Krishnanand Pandey,,,,,,
Manoj Kumar Tiwary,,,,,,
Matthew Lawrence Hayden,,,,,,
Moeen Munir Ali,,,,,,
Mithun Manhas,,,,,,
Mayank Markande,,,,,,
Morne Morkel,,,,,,
Munaf Musa Patel,,,,,,
Mohit Mahipal Sharma,,,,,,
Muthiah Muralidaran,,,,,,
Marlon Nathaniel Samuels,,,,,,
Makhaya Ntini,,,,,,
Morne Nico van Wyk,,,,,,
Mohammad Ashraful,,,,,,
Mohammad Hafeez,,,,,,
Mohammad Nabi,,,,,,
Mohammed Shami Ahmed,,,,,,
Mohammed Siraj,,,,,,
Monu Kumar Singh,,,,,,
Matheesha Pathirana,,,,,,
Muralikrishna Prasidh Krishna,,,,,,
Marcus Peter Stoinis,,,,,,
Mahesh Rawat,,,,,,
Mitchell Ross Marsh,,,,,,
Manvinder Sultansingh Bisla,,,,,,
Mahendra Singh Dhoni,,,,,,
Manpreet Singh Gony,,,,,,
Masood Shahrukh Khan,,,,,,
Matthew Scott Wade,,,,,,
Morawakage Maheesh Theekshana,,,,,,
Mujeeb Ur Rahman,,,,,,
Mukesh Choudhary,,,,,,
Mustafizur Rahman,,,,,,
Mark Verdon Boucher,,,,,,
Murali Vijay,,,,,,
Manan Vohra,,,,,,
Nathu Bharat Singh,,,,,,
Nayan Dilip Doshi,,,,,,
Narayan Jagadeesan,,,,,,
Nicolas James Maddinson,,,,,,
Nathan John Rimmington,,,,,,
Nathan Leslie McCullum,,,,,,
Narangoda Liyanaarachchilage Thisara Chirantha Perera,,,,,,
Nathan Mitchell Coulter-Nile,,,,,,
Nicholas Pooran,,,,,,
Nitish Rana,,,,,,
Nitin Saini,,,,,,
Nikhil Shankar Naik,,,,,,
Nathan Ellis,,,,,,
Naman Vinaykumar Ojha,,,,,,
Owais Alam Shah,,,,,,
Obed  Christopher McCoy,,,,,,
Odean Fabian Smith,,,,,,
Oshane Romaine Thomas,,,,,,
Palani Amarnath,,,,,,
Pankaj Singh,,,,,,
Parthiv Ajay Patel,,,,,,
Produturi Akshath Reddy,,,,,,
Parvez Ghulam Rasool Zargar,,,,,,
Parvinder Awana,,,,,,
Pramod Bhanuka Bandara Rajapaksa,,,,,,
Prashant Chopra,,,,,,
Paul Chandrashekar Valthaty,,,,,,
Paul David Collingwood,,,,,,
Paras Dogra,,,,,,
Praveen Dubey,,,,,,
Prashant Hitesh Solanki,,,,,,
Pradeep Jaibeer Sangwan,,,,,,
Priyam K Garg,,,,,,
Praveenkumar Sakat Singh,,,,,,
PM Sarvesh Kumar,,,,,,
Pawan Negi,,,,,,
Prerak Nileshkumar Mankad,,,,,,
Prasanth Parameswaran,,,,,,
Piyush Pramod Chawla,,,,,,
Pragyan Prayash Ojha,,,,,,
Padmanabhan Prasanth,,,,,,
Prithvi Pankaj Shaw,,,,,,
Prayas Ray Barman,,,,,,
Pinal Rohitbhai Shah,,,,,,
Pardeep Sahu,,,,,,
Prabhsimran Singh,,,,,,
Peter Stephen Patrick Handscomb,,,,,,
Pawan Shakland Suyal,,,,,,
Pathira Vasan Dushmantha Chameera,,,,,,
Pravin Vijay Tambe,,,,,,
Pinnaduwage Wanindu Hasaranga de Silva,,,,,,
Quinton de Kock,,,,,,
Raj Angad Bawa,,,,,,
Ravindrasinh Anirudhsinh Jadeja,,,,,,
Ramandeep Singh,,,,,,
Rahil Akhil Ahmed Shaikh,,,,,,
Rashid Khan,,,,,,
Ravichandran Ashwin,,,,,,
Rasikh Salam Dar,,,,,,
Rahul Ajay Tripathi,,,,,,
Ravi Bishnoi,,,,,,
Rajat Bhatia,,,,,,
Rajesh Bishnoi,,,,,,
Rahul Desraj Chahar,,,,,,
Ruturaj Dashrat Gaikwad,,,,,,
Rishi Dhawan,,,,,,
Rahul Sharad Dravid,,,,,,
Richard Ernst Levi,,,,,,
Roelof Erasmus van der Merwe,,,,,,
Ronit Gajanan More,,,,,,
Rohit Gurunath Sharma,,,,,,
Ryan James Harris,,,,,,
Robin John Peterson,,,,,,
Robert John Quiney,,,,,,
Ricky Kannakumar Bhui,,,,,,
Rinku Khanchand Singh,,,,,,
Ryan McLaren,,,,,,
Rajat Manohar Patidar,,,,,,
Ryan Ninan,,,,,,
Ryan Neil ten Doeschate,,,,,,
Riyan Parag,,,,,,
Riley Patrick Meredith,,,,,,
Rovman Powell,,,,,,
Rudra Pratap Singh,,,,,,
Ravindranath Rampaul,,,,,,
Raju Ravi Bhatkal,,,,,,
Ranadeb Ranjit Bose,,,,,,
Rishabh Rajendra Pant,,,,,,
Ramesh Rajaram Powar,,,,,,
Rohan Ravindra Raje,,,,,,
Rilee Roscoe Rossouw,,,,,,
Ramnaresh Ronnie Sarwan,,,,,,
Ravisrinivasan Sai Kishore,,,,,,
Ramsingh  Sanjay Yadav,,,,,,
Rajagopal Sathish,,,,,,
Ravinder Singh Bopara,,,,,,
Rohan Sunil Gavaskar,,,,,,
Rahul Sharma,,,,,,
Romario Shepherd,,,,,,
Rahul Shukla,,,,,,
Reetinder Singh Sodhi,,,,,,
Rahul Tewatia,,,,,,
Ricky Thomas Ponting,,,,,,
Raiphi Vincent Gomez,,,,,,
Ranganath Vinay Kumar,,,,,,
Ripal Vinubhai Patel,,,,,,
Robin Venu Uthappa,,,,,,
Raymond William Price,,,,,,
Sean Anthony Abbott,,,,,,
Swapnil Ashok Asnodkar,,,,,,
Sachin Baby,,,,,,
Salman Butt,,,,,,
Sandeep Sharma,,,,,,
Srikkanth Anirudha,,,,,,
Sreenath Aravind,,,,,,
Suryakumar Ashok Yadav,,,,,,
Samuel Badree,,,,,,
Subramaniam Badrinath,,,,,,
Sanjay Bapusaheb Bangar,,,,,,
Shadab Bashir Jakati,,,,,,
Sunil Bandacharya Joshi,,,,,,
Scott Bernard Styris,,,,,,
Shrikant Bhaskar Wagh,,,,,,
Sourav Chandidas Ganguly,,,,,,
Shivnarine Chanderpaul,,,,,,
Scott Christopher Kuggeleijn,,,,,,
Siddharth Dilip Chitnis,,,,,,
Shikhar Dhawan,,,,,,
Siddhesh Dinesh Lad,,,,,,
Shivam Dube,,,,,,
Shane Edward Bond,,,,,,
Shaun Edward Marsh,,,,,,
Sherfane Eviston Rutherford,,,,,,
Shreyas Gopal,,,,,,
Shahbaz Ahmed,,,,,,
Sahibzada Mohammad Shahid Khan Afridi,,,,,,
Shakib Al Hasan,,,,,,
Shashank Singh,,,,,,
Shivam Pankaj Mavi,,,,,,
Shivam Sharma,,,,,,
Syed Mohammad Shoaib Ahmed,,,,,,
Shoaib Akhtar,,,,,,
Shoaib Malik,,,,,,
Shubman Gill,,,,,,
Simarjeet Singh,,,,,,
Shalabh Jagdishprasad Srivastava,,,,,,
Siddarth Kaul,,,,,,
Shivil Kaushik,,,,,,
Suresh Kumar Raina,,,,,,
Siddharth Kishorkumar Trivedi,,,,,,
Shane Keith Warne,,,,,,
Sarabjit Ladda,,,,,,
Sandeep Lamichhane,,,,,,
Separamadu Lasith Malinga,,,,,,
Scott Michael Boland,,,,,,
Samuel Matthew Curran,,,,,,
Shane Michael Harwood,,,,,,
Sudhesan Midhun,,,,,,
Simon Mathew Katich,,,,,,
Shaun Maclean Pollock,,,,,,
Senanayake Mudiyanselage Sachithra Madhushanka Senanayake,,,,,,
Shahbaz Nadeem,,,,,,
Sumit Narwal,,,,,,
Sarfaraz Naushad Khan,,,,,,
Shardul Narendra Thakur,,,,,,
Sohail Tanvir,,,,,,
Shimron Odilon Hetmyer,,,,,,
Steven Peter Devereux Smith,,,,,,
Stephen Paul Fleming,,,,,,
Shreevats Pratyush Goswami,,,,,,
Sheldon Philip Jackson,,,,,,
Sunil Philip Narine,,,,,,
Sachin Rana,,,,,,
Hewa Kaluhalamullage Suraj Randiv Kaluhalamulla,,,,,,
Sachin Ramesh Tendulkar,,,,,,
Shane Robert Watson,,,,,,
Shubham Sanjay Agarwal,,,,,,
Sankarankutty Sandeep Warrier,,,,,,
Sheldon Shane Cottrell,,,,,,
Shreyas Santosh Iyer,,,,,,
Shrikant Shrihari Mundhe,,,,,,
Sunny Sohal,,,,,,
Suyash S Prabhudessai,,,,,,
Shanthakumaran Sreesanth,,,,,,
Sridharan Sriram,,,,,,
Sourav Subrata Sarkar,,,,,,
Shoaib Shabbir Shaikh,,,,,,
Saurabh Sunil Tiwary,,,,,,
Sanath Teran Jayasuriya,,,,,,
Stuart Terence Roger Binny,,,,,,
Sudeep Tyagi,,,,,,
Sunny Gupta,,,,,,
Sunny Singh,,,,,,
Vidyut Sivaramakrishnan,,,,,,
Sanju Viswanath Samson,,,,,,
Swapnil Singh,,,,,,
Samuel William Billings,,,,,,
Shaun William Tait,,,,,,
Trent Alexander Boult,,,,,,
Tom Banton,,,,,,
Timothy David Paine,,,,,,
Tejas Baroka,,,,,,
Timothy Grant Southee,,,,,,
Timothy Hays David,,,,,,
Tyron Henderson,,,,,,
Namboori Thakur Tilak Varma,,,,,,
Thomas Kevin Curran,,,,,,
Taruwar Sushil Kohli,,,,,,
Tim Louis Seifert,,,,,,
Tirumalasetti Laxminarayana Suman,,,,,,
Tillakaratne Mudiyanselage Dilshan,,,,,,
Travis Michael Head,,,,,,
Tanmay Manoj Srivastava,,,,,,
Thangarasu Natarajan,,,,,,
Taduri Prakash Chandra Sudhindra,,,,,,
Travis Rodney Birt,,,,,,
Tabraiz Shamsi,,,,,,
Tymal Solomon Mills,,,,,,
Tristan Stubbs,,,,,,
Tatenda Taibu,,,,,,
Magina Thilan Thushara Mirando,,,,,,
Tushar Uday Deshpande,,,,,,
Udit Alok Birla,,,,,,
Unmukt Bharat Thakur Chand,,,,,,
Uday Kaul,,,,,,
Umar Gul,,,,,,
Umran Malik,,,,,,
Usman Tariq Khawaja,,,,,,
Umeshkumar Tilak Yadav,,,,,,
Vaibhav Gopal Arora,,,,,,
Vijay Hari Zol,,,,,,
Virat Binod Singh,,,,,,
Vishnu Vinod,,,,,,
Virat Kohli,,,,,,
Veer Pratap Singh,,,,,,
Varun Raymond Aaron,,,,,,
Venkatesh Rajasekaran Iyer,,,,,,
Vikram Raj Vir Singh,,,,,,
Virender Sehwag,,,,,,
Vijay Shankar,,,,,,
Vikramjeet Singh Malik,,,,,,
Vikrant Shyam Yeligati,,,,,,
Vangipurappu Venkata Sai Laxman,,,,,,
Vijaykumar Yo Mahesh,,,,,,
Wilkin Arvind Mota,,,,,,
Washington Sundar,,,,,,
Wayne Dillon Parnell,,,,,,
Wasim Jaffer,,,,,,
Wriddhiman Prasanta Saha,,,,,,
Warnakulasuriya Patabendige Ushantha Joseph Chaminda Vaas,,,,,,
Xavier Thalaivan Sargunam,,,,,,
Yusuf Adam Abdulla,,,,,,
Yash Dayal,,,,,,
Yashpal Singh,,,,,,
Yashasvi Bhupendra Kumar Jaiswal,,,,,,
Yalaka Gnaneswara Rao,,,,,,
Yusuf Khan Pathan,,,,,,
Yogesh Nagar,,,,,,
Mohammad Younis Khan,,,,,,
Prithvi Raj Yarra,,,,,,
Yuzvendra Singh Chahal,,,,,,
Yuvraj Singh,,,,,,
Yalaka Venugopal Rao,,,,,,
Yogesh Vijay Takawale,,,,,,
Zaheer Khan,,,,,,
Joseph Charles Buttler,,,,,,
Patrick James Cummins,,,,,,
